{"current":{"color_primary":"#eb4f47","color_header_text":"#e1c9b4","color_primary_heading_text":"#4a4a4a","color_primary_body_text":"#4a4a4a","color_footer_text":"#4a4a4a","color_button_text":"#ffffff","color_header_bg":"#ffffff","color_footer_bg":"#eae7e0","color_main_bg":"#faf9f6","color_secondary_bg":"#f4f1ec","color_product_cards":"#ffffff","color_form_elements":"#ffffff","color_cart_flag":"#eb4f47","type_base_size":"62.5%","type_header_font":"monotype_baskerville_n4","type_base_font":"avenir_next_n4","show_cart_drawer":true,"show_cart_note":true,"share_facebook":true,"share_twitter":true,"share_pinterest":true,"social_pinterest_link":"pinterest.com\/beepiccreations","social_instagram_link":"instagram.com\/beepiccreations","social_tumblr_link":"","social_youtube_link":"","social_vimeo_link":"","favicon":"","checkout_header_image":"","checkout_logo_image":"","checkout_logo_position":"left","checkout_logo_size":"medium","checkout_body_background_image":"","checkout_body_background_color":"#ffffff","checkout_input_background_color_mode":"white","checkout_sidebar_background_image":"","checkout_sidebar_background_color":"#fafafa","checkout_heading_font":"Helvetica Neue","checkout_body_font":"Helvetica Neue","checkout_accent_color":"#1990c6","checkout_button_color":"#1990c6","checkout_error_color":"#ff6d6d","logo_max_height":15,"sections":{"header":{"type":"header","settings":{"icon":"cart","logo_max_height":60,"enable_transparent":true,"transparent_logo":"shopify:\/\/shop_images\/Untitled_design.png","transparent_text_color":"#fafafa","primary_navigation":"home","secondary_navigation":"","show_social_icons":true,"show_announcement":false,"home_page_only":true,"announcement_text":"Announce something here","announcement_link":"","announcement_icon":"cart","announcement_color_bg":"#eb4f47","announcement_color_text":"#ffffff"}},"footer":{"type":"footer","blocks":{"1486649858082":{"type":"menu","disabled":true,"settings":{"link_list":"footer"}},"6ffed5bb-3c72-4747-b132-2763350e2475":{"type":"menu","settings":{"link_list":"footer"}}},"block_order":["1486649858082","6ffed5bb-3c72-4747-b132-2763350e2475"],"settings":{"show_social_icons":false,"show_payment_icons":true,"enable_parallax":false,"show_newsletter":false,"newsletter_heading":"Sign up for updates","newsletter_subheading":"<p>Promotions, new products and sales. Directly to your inbox.<\/p>"}},"1476381402840":{"type":"video","disabled":true,"settings":{"cover_text":"","video_url":"https:\/\/www.youtube.com\/watch?v=_9VUPq3SxOc","cover_image_position":"center center","show_overlay":true,"overlay_color":"#000000","overlay_text":"#ffffff","overlay_opacity":30}},"1476381658595":{"type":"hero","disabled":true,"settings":{"hero_size":"large","image":"shopify:\/\/shop_images\/cover.jpg","alignment":"center center","title":"beEPIC Botique","text":"","text_size":"large","use_second_button":false,"button_label":"Shop Now","button_link":"shopify:\/\/collections\/all","show_overlay":true,"overlay_color":"#fafafa","overlay_text":"#4a4a4a","overlay_opacity":"0.5"}},"collection-template":{"type":"collection-template","settings":{"products":"2","rows":"6","product_tags_enable":false,"product_sorting_enable":true,"collection_hero_image":true,"collection_hero_image_parallax":true,"grid_style":"grid","show_spacing":true,"show_vendor":false}},"1478026923193":{"type":"feature-row","disabled":true,"settings":{"size":"large","background_color":"#faf9f6","image":"shopify:\/\/shop_images\/ourstory_1.png","image_crop":"none","alignment":"center center","title":"Our Digital and Printable Collections.","text":"<p>Introduction of the digital collection.<\/p>","use_second_button":true,"button_label":"Know More","button_link":"shopify:\/\/collections","desktop_layout":"left","mobile_layout":"top"}},"1478027260401":{"type":"quotes","disabled":true,"blocks":{"1478027260401-0":{"type":"quote","settings":{"heading":"","quote":"<p>Add customer reviews and testimonials to showcase your store's happy customers.<\/p>","author":"Author's name"}},"1478027389453":{"type":"quote","settings":{"heading":"","quote":"<p>Add customer reviews and testimonials to showcase your store's happy customers.<\/p>","author":"Author's name"}}},"block_order":["1478027260401-0","1478027389453"],"settings":{"color_bg":"#000000","color_text":"#ffffff","autoplay_speed":"6000"}},"product-template":{"type":"product-template","settings":{"show_quantity_selector":false,"show_variant_labels":true,"show_vendor":false,"enable_payment_button":true,"show_share_buttons":true,"enable_video_looping":false,"hide_variant_media":false}},"blog-template":{"type":"blog-template","settings":{"grid_style":"collage","articles":"2","rows":"6","blog_show_date":true}},"slideshow":{"type":"slideshow","blocks":{"1486649146314":{"type":"image","disabled":true,"settings":{"image":"shopify:\/\/shop_images\/bg_b16b9d33-98ac-4161-bf51-b94ccad9538f.png","alignment":"center left","title":"In the passionate pursuit of WOW!","button":"Our Story","cta":"View More","cta_link":"shopify:\/\/pages\/about-us-1"}},"1486649185448":{"type":"image","disabled":true,"settings":{"image":"shopify:\/\/shop_images\/bday_club.png","alignment":"top center","title":"Content to Follow","button":"Digital Collection","cta":"View More","cta_link":"shopify:\/\/collections"}},"1486649208703":{"type":"image","disabled":true,"settings":{"image":"shopify:\/\/shop_images\/cover.jpg","alignment":"top left","title":"Content to Follow","button":"beEPIC Botique","cta":"View more","cta_link":"shopify:\/\/collections"}},"1486649267624":{"type":"image","disabled":true,"settings":{"image":"shopify:\/\/shop_images\/tracys_8432ec25-85cd-435f-8d3e-c580a4bafcec.png","alignment":"center center","title":"Why we are different","button":"Tracy's Scholarship Program","cta":"View more","cta_link":"shopify:\/\/blogs\/news"}},"ae9320d8-6df9-42f4-ad46-4cc8c84e424c":{"type":"video","settings":{"video_url":"","title":"","button":"Know More","cta":"know more","cta_link":"shopify:\/\/pages\/about-us-1"}}},"block_order":["1486649146314","1486649185448","1486649208703","1486649267624","ae9320d8-6df9-42f4-ad46-4cc8c84e424c"],"settings":{"slider_height":"adapt","center_cta":true,"show_overlay":true,"overlay_color":"#313131","overlay_text":"#ffffff","overlay_opacity":30}},"1486649413883":{"type":"gallery","disabled":true,"blocks":{"1486649413883-0":{"type":"image","settings":{"alignment":"center center","icon":"checkmark","cta_label":"Talk about your brand","link":""}},"1486649413883-1":{"type":"image","settings":{"alignment":"center center","icon":"checkmark","cta_label":"Talk about your brand","link":""}}},"block_order":["1486649413883-0","1486649413883-1"],"settings":{"section_height":"medium","show_overlay":true,"overlay_color":"#3b3b3b","overlay_text":"#ffffff","overlay_opacity":"0.4"}},"1486649522802":{"type":"highlight","disabled":true,"settings":{"border_color":"#cbc8c1","content_alignment":"middle","image_position":"back","heading":"Gift card","text":"Looking for something for someone special? A gift card to our store is the perfect idea!","use_second_button":false,"button_text":"View","button_link":""}},"1486649604878":{"type":"featured-slider","disabled":true,"blocks":{"1486649604878-0":{"type":"slide","settings":{"background_color":"#9d988b","show_image":true,"slide_title":"Featured variant","slide_button_text":"View","slide_button_url":""}},"1486649604878-1":{"type":"slide","settings":{"background_color":"#cdcdcd","show_image":true,"slide_title":"Featured variant","slide_button_text":"View","slide_button_url":""}},"1486649604878-2":{"type":"slide","settings":{"background_color":"#a7a59e","show_image":true,"slide_title":"Featured variant","slide_button_text":"View","slide_button_url":""}},"1486649769533":{"type":"slide","settings":{"background_color":"#383a3c","show_image":true,"slide_title":"Featured variant","slide_button_text":"View","slide_button_url":""}}},"block_order":["1486649604878-0","1486649604878-1","1486649604878-2","1486649769533"],"settings":{"use_second_button":false,"text_color":"#ffffff","cover_title":"Showcase some product information","cover_title_desktop_position":"center","show_overlay":true,"overlay_color":"#404040","overlay_text":"#ffffff","overlay_opacity":"0.2"}},"1486649811524":{"type":"featured-product","disabled":true,"settings":{"featured_product":"","show_quantity_selector":false,"show_variant_labels":true,"show_vendor":false,"enable_payment_button":true,"show_share_buttons":true,"enable_video_looping":false,"layout":"square","media_size":"cover","background_color":"rgba(0,0,0,0)"}},"article-template":{"type":"article-template","settings":{"image_parallax":true,"show_date":true,"show_author":false,"show_share_buttons":true}},"1492806970384":{"type":"custom-content","disabled":true,"blocks":{"1492806970384-0":{"type":"text","settings":{"heading_text":"","heading_color":"#3a3a3a","heading_style":"h4","paragraph_text":"<p>Use this text to share information about your brand with your customers. Describe a product, share announcements, or welcome customers to your store.<\/p>","paragraph_color":"#4a4a4a","paragraph_size":"1","width":"100%","alignment":"center","align_text":"center"}},"d52a26b8-54d4-4ee7-ae69-2da3c71cd7ae":{"type":"video","disabled":true,"settings":{"video_url":"https:\/\/www.youtube.com\/watch?v=_9VUPq3SxOc","width":"100%","alignment":"top"}}},"block_order":["1492806970384-0","d52a26b8-54d4-4ee7-ae69-2da3c71cd7ae"],"settings":{"heading_text":"","heading_color":"#3a3a3a","background_color":"","top_margin":true,"bottom_margin":false}},"1627896172a31b348e":{"type":"hero","disabled":true,"settings":{"hero_size":"large","alignment":"center center","title":"Talk about your brand","text":"<p>Use this text to share information about your brand with your customers. Describe a product, share announcements, or welcome customers to your store.<\/p>","text_size":"medium","use_second_button":false,"button_label":"","button_link":"","show_overlay":false,"overlay_color":"#242424","overlay_text":"#ffffff","overlay_opacity":"0.5"}},"16278962582e4d0222":{"type":"featured-collection","settings":{"collection":"","show_spacing":true,"title":"Our Digital and Printable Collection","show_vendor":false,"show_view_all":true,"use_second_button":true,"grid_style":"grid","products":4,"rows":1}},"16278965923bf97e9c":{"type":"custom-content","disabled":true,"blocks":{"16278965923bf97e9c-0":{"type":"text","settings":{"heading_text":"Talk about your brand","heading_color":"#242424","heading_style":"h3","paragraph_text":"<p>Use this text to share information about your brand with your customers. Describe a product, share announcements, or welcome customers to your store.<\/p>","paragraph_color":"#4a4a4a","paragraph_size":"1","width":"50%","alignment":"center","align_text":"left"}},"16278965923bf97e9c-1":{"type":"image","settings":{"width":"50%","alignment":"center"}}},"block_order":["16278965923bf97e9c-0","16278965923bf97e9c-1"],"settings":{"heading_text":"Custom content","heading_color":"#242424","background_color":"","top_margin":false,"bottom_margin":false}},"1627896971c70d7d60":{"type":"hero","settings":{"hero_size":"medium","image":"shopify:\/\/shop_images\/cover.jpg","alignment":"center center","title":"beEPIC BOTIQUE","text":"","text_size":"large","use_second_button":true,"button_label":"SHOP NOW","button_link":"shopify:\/\/collections\/all","show_overlay":true,"overlay_color":"#7d7d7d","overlay_text":"#faf9f6","overlay_opacity":"0.4"}},"16278976431115ff1d":{"type":"collection-list","disabled":true,"blocks":{"16278976431115ff1d-0":{"type":"collection","settings":{"collection":""}},"16278976431115ff1d-1":{"type":"collection","settings":{"collection":""}},"16278976431115ff1d-2":{"type":"collection","settings":{"collection":""}}},"block_order":["16278976431115ff1d-0","16278976431115ff1d-1","16278976431115ff1d-2"],"settings":{"title":"Collection list","grid":3}},"1627898054b994f4e8":{"type":"feature-row","settings":{"size":"small","background_color":"#a9a9a9","image":"shopify:\/\/shop_images\/tracys_8432ec25-85cd-435f-8d3e-c580a4bafcec.png","image_crop":"none","alignment":"center center","title":"WHY WE ARE DIFFERENT","text":"<p><br\/><em>The profits support our passion project<\/em><br\/><\/p><p>TRACY'S IMPACT SCHOLARSHIP AND MENTORING PROGRAM<\/p><p><br\/><br\/><br\/><br\/><br\/><br\/><\/p>","use_second_button":true,"button_label":"Learn More","button_link":"https:\/\/www.tisandmp.org\/","desktop_layout":"left","mobile_layout":"top"}},"1627898090bccc82a4":{"type":"featured-product","disabled":true,"settings":{"featured_product":"","show_quantity_selector":false,"show_variant_labels":true,"show_vendor":false,"enable_payment_button":true,"show_share_buttons":true,"enable_video_looping":false,"layout":"square","media_size":"cover","background_color":"rgba(0,0,0,0)"}},"1627904533e331c2fa":{"type":"feature-row","settings":{"size":"small","background_color":"#a9a9a9","image":"shopify:\/\/shop_images\/customized_gifts_2a6733bb-332f-43a2-affb-b43a11baea71.png","image_crop":"none","alignment":"center center","title":"CUSTOMIZED FOR YOU","text":"<p>Our Concierge Services.<\/p>","use_second_button":true,"button_label":"Learn More","button_link":"shopify:\/\/pages\/customized-for-you","desktop_layout":"right","mobile_layout":"top"}},"162790505297708c94":{"type":"feature-row","settings":{"size":"small","background_color":"#a9a9a9","image":"shopify:\/\/shop_images\/recipetabcover_16c89469-6fca-455a-b91b-295d9daa5f0d.png","image_crop":"none","alignment":"center center","title":"RECIPES","text":"","use_second_button":true,"button_label":"REad more","button_link":"shopify:\/\/pages\/recipe","desktop_layout":"left","mobile_layout":"top"}},"162790540484e2fe28":{"type":"feature-row","settings":{"size":"small","background_color":"#a9a9a9","image":"shopify:\/\/shop_images\/bday_club_e8ac2e02-9970-4c23-afc6-dea3802af896.png","image_crop":"none","alignment":"center center","title":"JOIN OUR BIRTHDAY CLUB","text":"","use_second_button":true,"button_label":"Join Now","button_link":"shopify:\/\/pages\/birhtday-club","desktop_layout":"right","mobile_layout":"top"}},"16279055846ebe75ef":{"type":"hero","settings":{"hero_size":"medium","image":"shopify:\/\/shop_images\/loyalty_program_dcf64cd9-7a3b-467c-b758-d707d4ce9f03.png","alignment":"top center","title":"OUR LOYALTY PROGRAM","text":"","text_size":"large","use_second_button":true,"button_label":"Learn More","button_link":"shopify:\/\/pages\/loyalty-program","show_overlay":true,"overlay_color":"#242424","overlay_text":"#ffffff","overlay_opacity":"0.4"}},"1627905754f46ed280":{"type":"hero","settings":{"hero_size":"medium","image":"shopify:\/\/shop_images\/blog_tab_cover_64dbb5fa-9692-4ce0-a3e3-04b84fa4f1af.png","alignment":"center center","title":"BLOG","text":"","text_size":"large","use_second_button":true,"button_label":"Read More","button_link":"shopify:\/\/pages\/blog","show_overlay":true,"overlay_color":"#242424","overlay_text":"#ffffff","overlay_opacity":"0.4"}},"product-recommendations":{"type":"product-recommendations","settings":{"show_product_recommendations":true,"heading":"You may also like","show_spacing":true,"show_vendor":true}}},"content_for_index":["slideshow","16278962582e4d0222","1627896971c70d7d60","1627898054b994f4e8","1627904533e331c2fa","162790505297708c94","162790540484e2fe28","16279055846ebe75ef","1627905754f46ed280","1627896172a31b348e","1478026923193","1476381402840","1476381658595","16278965923bf97e9c","1486649413883","1478027260401","1492806970384","1486649522802","1486649604878","1486649811524","16278976431115ff1d","1627898090bccc82a4"]},"presets":{"Earthy":{"checkout_sidebar_background_color":"#f3f4f3","checkout_heading_font":"Helvetica Neue","checkout_body_font":"Helvetica Neue","checkout_accent_color":"#3c5629","checkout_button_color":"#3c5629","checkout_error_color":"#a95232","sections":{"header":{"type":"header","settings":{}},"slideshow":{"type":"slideshow","blocks":{"slide-0":{"type":"image","settings":{}},"slide-1":{"type":"image","settings":{}}},"block_order":["slide-0","slide-1"],"settings":{"overlay_opacity":30}},"feature-row-0":{"type":"feature-row","settings":{"size":"large","use_second_button":true,"desktop_layout":"left"}},"video":{"type":"video","settings":{"overlay_opacity":25}},"rich-text":{"type":"rich-text","settings":{}},"gallery":{"type":"gallery","blocks":{"gallery-0":{"type":"image","settings":{}},"gallery-1":{"type":"image","settings":{}},"gallery-2":{"type":"image","settings":{}}},"block_order":["gallery-0","gallery-1","gallery-2"],"settings":{"overlay_opacity":"0.2"}},"feature-row-1":{"type":"feature-row","settings":{"background_color":"#f3f4f3","use_second_button":true}},"featured-slider":{"type":"featured-slider","blocks":{"featured-slide-0":{"type":"slide","settings":{"background_color":"#a0ad90"}},"featured-slide-1":{"type":"slide","settings":{"background_color":"#b7c0ac"}},"featured-slide-2":{"type":"slide","settings":{"background_color":"#d3dbca"}}},"block_order":["featured-slide-0","featured-slide-1","featured-slide-2"],"settings":{"cover_title_desktop_position":"center","show_overlay":false,"overlay_opacity":"0.25"}},"featured-product":{"type":"featured-product","settings":{"media_size":"fill"}},"hero":{"type":"hero","settings":{"text_size":"large","show_overlay":true,"overlay_opacity":"0.4"}},"footer":{"type":"footer","blocks":{"footer-0":{"type":"menu","settings":{}}},"block_order":["footer-0"],"settings":{"show_social_icons":true,"show_payment_icons":true,"show_newsletter":true}}},"content_for_index":["slideshow","feature-row-0","video","rich-text","gallery","feature-row-1","featured-slider","featured-product","hero"]},"Warm":{"color_primary":"#eb4f47","color_header_text":"#e1c9b4","color_primary_heading_text":"#4a4a4a","color_primary_body_text":"#4a4a4a","color_footer_text":"#4a4a4a","color_button_text":"#ffffff","color_header_bg":"#fff","color_footer_bg":"#eae7e0","color_main_bg":"#faf9f6","color_secondary_bg":"#f4f1ec","color_product_cards":"#fff","color_form_elements":"#fff","color_cart_flag":"#eb4f47","type_base_size":"62.5%","type_header_font":"monotype_baskerville_n4","type_base_font":"avenir_next_n4","show_cart_drawer":true,"show_cart_note":false,"share_facebook":true,"share_twitter":true,"share_pinterest":true,"social_tumblr_link":"","social_youtube_link":"","social_vimeo_link":"","favicon":"","checkout_header_image":"","checkout_logo_image":"","checkout_logo_position":"left","checkout_logo_size":"medium","checkout_body_background_image":"","checkout_body_background_color":"#fff","checkout_input_background_color_mode":"white","checkout_sidebar_background_image":"","checkout_sidebar_background_color":"#fafafa","checkout_heading_font":"Helvetica Neue","checkout_body_font":"Helvetica Neue","checkout_accent_color":"#1990C6","checkout_button_color":"#1990C6","checkout_error_color":"#ff6d6d","logo_max_height":15,"sections":{"header":{"type":"header","settings":{"icon":"bag","logo_max_height":15,"enable_transparent":true,"transparent_text_color":"#ffffff","primary_navigation":"main-menu","secondary_navigation":"footer","show_social_icons":false,"announcement_color_bg":"#eb4f47"}},"footer":{"type":"footer","blocks":{"1486649858082":{"type":"menu","settings":{"link_list":"footer"}}},"block_order":["1486649858082"],"settings":{"show_social_icons":true,"show_payment_icons":true,"enable_parallax":true,"show_newsletter":true}},"1476381402840":{"type":"video","settings":{}},"1476381658595":{"type":"hero","settings":{"hero_size":"large","image":"","alignment":"top left","text_size":"medium","use_second_button":false,"button_label":"","button_link":"","show_overlay":false,"overlay_color":"#000000","overlay_text":"#3a3a3a","overlay_opacity":"0.5"}},"collection-template":{"type":"collection-template","settings":{"products":"2","rows":"6","product_tags_enable":false,"product_sorting_enable":false,"collection_hero_image":false,"collection_hero_image_parallax":false,"show_spacing":false,"show_vendor":true}},"1478026923193":{"type":"feature-row","settings":{"size":"large","background_color":"#faf9f6","image_crop":"circle","alignment":"top left","use_second_button":false,"button_label":"","button_link":"","desktop_layout":"left","mobile_layout":"top"}},"1478027260401":{"type":"quotes","blocks":{"1478027260401-0":{"type":"quote","settings":{}},"1478027389453":{"type":"quote","settings":{}}},"block_order":["1478027260401-0","1478027389453"],"settings":{"color_bg":"#000000","color_text":"#ffffff","autoplay_speed":"6000"}},"product-template":{"type":"product-template","settings":{"show_quantity_selector":false,"show_variant_labels":true,"show_vendor":false,"show_share_buttons":true,"hide_variant_media":true}},"blog-template":{"type":"blog-template","settings":{"blog_show_date":true}},"slideshow":{"type":"slideshow","blocks":{"1486649146314":{"type":"image","settings":{}},"1486649185448":{"type":"image","settings":{}},"1486649208703":{"type":"image","settings":{}},"1486649267624":{"type":"image","settings":{}}},"block_order":["1486649146314","1486649185448","1486649208703","1486649267624"],"settings":{"show_overlay":true,"overlay_color":"#313131","overlay_text":"#ffffff","overlay_opacity":30}},"1486649413883":{"type":"gallery","blocks":{"1486649413883-0":{"type":"image","settings":{}},"1486649413883-1":{"type":"image","settings":{}}},"block_order":["1486649413883-0","1486649413883-1"],"settings":{"section_height":"medium","show_overlay":true,"overlay_color":"#3b3b3b","overlay_text":"#ffffff","overlay_opacity":"0.4"}},"1486649522802":{"type":"highlight","settings":{"border_color":"#cbc8c1","content_alignment":"middle","image_position":"back","use_second_button":false}},"1486649604878":{"type":"featured-slider","blocks":{"1486649604878-0":{"type":"slide","settings":{"background_color":"#9d988b"}},"1486649604878-1":{"type":"slide","settings":{"background_color":"#cdcdcd"}},"1486649604878-2":{"type":"slide","settings":{"background_color":"#a7a59e"}},"1486649769533":{"type":"slide","settings":{"background_color":"#383a3c"}}},"block_order":["1486649604878-0","1486649604878-1","1486649604878-2","1486649769533"],"settings":{"use_second_button":false,"text_color":"#ffffff","cover_title_desktop_position":"center","show_overlay":true,"overlay_color":"#404040","overlay_text":"#ffffff","overlay_opacity":"0.2"}},"1486649811524":{"type":"featured-product","settings":{"show_quantity_selector":false,"show_variant_labels":true,"show_vendor":false,"show_share_buttons":true,"layout":"square","media_size":"cover","background_color":"transparent"}},"article-template":{"type":"article-template","settings":{"image_parallax":true,"show_date":true,"show_author":false,"show_share_buttons":true}},"1492806970384":{"type":"custom-content","blocks":{"1492806970384-0":{"type":"text","settings":{"heading_text":"","heading_color":"#3a3a3a","heading_style":"h4","width":"100%","alignment":"center","align_text":"center"}}},"block_order":["1492806970384-0"],"settings":{"heading_text":"","heading_color":"#3a3a3a","background_color":"","top_margin":true,"bottom_margin":false}}},"content_for_index":["slideshow","1478026923193","1476381402840","1476381658595","1486649413883","1478027260401","1492806970384","1486649522802","1486649604878","1486649811524"]},"Light":{"color_primary":"#dfa160","color_header_text":"#dfa160","color_primary_heading_text":"#000000","color_primary_body_text":"#4a4a4a","color_footer_text":"#ffffff","color_button_text":"#ffffff","color_header_bg":"#fff","color_footer_bg":"#dfa160","color_main_bg":"#ffffff","color_secondary_bg":"#f7f7f7","color_product_cards":"#ebebeb","color_form_elements":"#f1f1f1","color_cart_flag":"#b76b50","type_base_size":"62.5%","type_header_font":"open_sans_n7","type_base_font":"open_sans_n4","show_cart_drawer":true,"show_cart_note":false,"share_facebook":true,"share_twitter":true,"share_pinterest":true,"social_tumblr_link":"","social_youtube_link":"","social_vimeo_link":"","favicon":"","checkout_header_image":"","checkout_logo_image":"","checkout_logo_position":"left","checkout_logo_size":"medium","checkout_body_background_image":"","checkout_body_background_color":"#fff","checkout_input_background_color_mode":"white","checkout_sidebar_background_image":"","checkout_sidebar_background_color":"#fafafa","checkout_heading_font":"Helvetica Neue","checkout_body_font":"Helvetica Neue","checkout_accent_color":"#1990C6","checkout_button_color":"#1990C6","checkout_error_color":"#ff6d6d","transparent_logo":"","logo_max_height":15,"sections":{"slideshow":{"type":"slideshow","blocks":{"1486583739899":{"type":"video","settings":{}}},"block_order":["1486583739899"],"settings":{"show_overlay":true,"overlay_color":"#ffffff","overlay_text":"#000000","overlay_opacity":50}},"header":{"type":"header","settings":{"icon":"bag","logo_max_height":15,"enable_transparent":true,"transparent_text_color":"#dfa160","primary_navigation":"main-menu","secondary_navigation":"footer","show_social_icons":true,"announcement_color_bg":"#4a4a4a"}},"footer":{"type":"footer","blocks":{"1486586799558":{"type":"menu","settings":{"link_list":"footer"}}},"block_order":["1486586799558"],"settings":{"show_social_icons":true,"show_payment_icons":true,"enable_parallax":true,"show_newsletter":true}},"feature-row":{"type":"feature-row","settings":{"size":"large","background_color":"#fafafa","image_crop":"square","alignment":"center center","use_second_button":false,"button_label":"","button_link":"","desktop_layout":"left","mobile_layout":"top"}},"gallery":{"type":"gallery","blocks":{"1486502632685-0":{"type":"image","settings":{"alignment":"center center","icon":"checkmark","link":""}}},"block_order":["1486502632685-0"],"settings":{"section_height":"medium","show_overlay":true,"overlay_color":"#000000","overlay_text":"#ffffff","overlay_opacity":"0.5"}},"featured-slider":{"type":"featured-slider","blocks":{"1486503036275-0":{"type":"slide","settings":{"background_color":"#ebebeb","show_image":true,"slide_button_text":"","slide_button_url":""}},"1486503036275-2":{"type":"slide","settings":{"background_color":"#ebebeb","show_image":true,"slide_button_text":"","slide_button_url":""}},"1486503036275-1":{"type":"slide","settings":{"background_color":"#ebebeb","show_image":true,"slide_button_text":"","slide_button_url":""}},"1487016418120":{"type":"slide","settings":{"background_color":"#ebebeb","show_image":false,"slide_image":"","slide_title":""}}},"block_order":["1486503036275-0","1486503036275-2","1486503036275-1","1487016418120"],"settings":{"use_second_button":true,"text_color":"#000000","cover_title_desktop_position":"center","show_overlay":true,"overlay_color":"rgba(0,0,0,0)","overlay_text":"#000000","overlay_opacity":"0.5"}},"1486583009346":{"type":"feature-row","settings":{"size":"large","background_color":"#ffffff","image_crop":"none","alignment":"top left","use_second_button":false,"button_label":"About us","desktop_layout":"right","mobile_layout":"bottom"}},"1486584613697":{"type":"hero","settings":{"hero_size":"large","alignment":"center center","text":"","text_size":"medium","use_second_button":false,"button_label":"","button_link":"","show_overlay":true,"overlay_color":"#ffffff","overlay_text":"#3a3a3a","overlay_opacity":"0"}},"1486584983006":{"type":"highlight","settings":{"border_color":"#dfa160","content_alignment":"middle","image_position":"back","use_second_button":false,"button_text":"","button_link":""}},"collection-template":{"type":"collection-template","settings":{"products":"2","rows":"6","product_tags_enable":false,"product_sorting_enable":true,"collection_hero_image":true,"collection_hero_image_parallax":true,"show_spacing":false,"show_vendor":true}},"product-template":{"type":"product-template","settings":{"show_quantity_selector":false,"show_variant_labels":true,"show_vendor":true,"show_share_buttons":true,"hide_variant_media":true}},"blog-template":{"type":"blog-template","settings":{"blog_show_date":true}},"article-template":{"type":"article-template","settings":{"image_parallax":true,"show_date":true,"show_author":false,"show_share_buttons":true}},"1492008725684":{"type":"hero","settings":{"hero_size":"x-large","alignment":"top center","title":"","text":"","text_size":"medium","use_second_button":false,"button_label":"Read our blog","show_overlay":false,"overlay_color":"#000000","overlay_text":"#3a3a3a","overlay_opacity":"0.5"}},"1492807242211":{"type":"custom-content","blocks":{"1492807242211-0":{"type":"text","settings":{"heading_text":"","heading_color":"#3a3a3a","heading_style":"h3","width":"100%","alignment":"center","align_text":"center"}}},"block_order":["1492807242211-0"],"settings":{"heading_text":"","heading_color":"#3a3a3a","background_color":"","top_margin":true,"bottom_margin":false}}},"content_for_index":["slideshow","feature-row","1486584613697","1486583009346","gallery","1492807242211","1486584983006","featured-slider","1492008725684"]},"Cold":{"color_primary":"#00b490","color_header_text":"#00b490","color_primary_heading_text":"#ffffff","color_primary_body_text":"#a9a9a9","color_footer_text":"#000000","color_button_text":"#000000","color_header_bg":"#191c1b","color_footer_bg":"#00b490","color_main_bg":"#000000","color_secondary_bg":"#191c1b","color_product_cards":"#191c1b","color_form_elements":"#292c2b","color_cart_flag":"#ffffff","type_base_size":"62.5%","type_header_font":"titillium_web_n7","type_base_font":"lato_n4","show_cart_drawer":true,"show_cart_note":false,"share_facebook":true,"share_twitter":true,"share_pinterest":true,"social_tumblr_link":"","social_youtube_link":"","social_vimeo_link":"","favicon":"","checkout_header_image":"","checkout_logo_image":"","checkout_logo_position":"left","checkout_logo_size":"medium","checkout_body_background_image":"","checkout_body_background_color":"#fff","checkout_input_background_color_mode":"white","checkout_sidebar_background_image":"","checkout_sidebar_background_color":"#fafafa","checkout_heading_font":"Helvetica Neue","checkout_body_font":"Helvetica Neue","checkout_accent_color":"#1990C6","checkout_button_color":"#1990C6","checkout_error_color":"#ff6d6d","transparent_logo":"","logo_max_height":15,"sections":{"slideshow":{"type":"slideshow","blocks":{"1486663529263":{"type":"video","settings":{}}},"block_order":["1486663529263"],"settings":{"show_overlay":true,"overlay_color":"#000000","overlay_text":"#ffffff","overlay_opacity":60}},"header":{"type":"header","settings":{"icon":"cart","logo_max_height":15,"enable_transparent":true,"transparent_text_color":"#00b490","primary_navigation":"main-menu","secondary_navigation":"footer","show_social_icons":true,"announcement_color_bg":"#00b490"}},"footer":{"type":"footer","blocks":{"1486664283354":{"type":"menu","settings":{"link_list":"footer"}}},"block_order":["1486664283354"],"settings":{"show_social_icons":true,"show_payment_icons":true,"enable_parallax":true,"show_newsletter":true,"newsletter_heading":"Sign up for updates"}},"feature-row":{"type":"feature-row","settings":{"size":"large","background_color":"#191c1b","image_crop":"circle","alignment":"center center","use_second_button":false,"desktop_layout":"left","mobile_layout":"top"}},"gallery":{"type":"gallery","blocks":{"1486502632685-0":{"type":"image","settings":{"icon":"checkmark"}},"1486502639654":{"type":"image","settings":{"icon":"checkmark"}},"1486502643820":{"type":"image","settings":{"icon":"checkmark"}}},"block_order":["1486502632685-0","1486502639654","1486502643820"],"settings":{"section_height":"medium","show_overlay":true,"overlay_color":"#000000","overlay_text":"#ffffff","overlay_opacity":"0.5"}},"featured-slider":{"type":"featured-slider","blocks":{"1486503036275-0":{"type":"slide","settings":{"background_color":"#464f4e","show_image":true,"slide_button_text":"View"}},"1486503036275-1":{"type":"slide","settings":{"background_color":"#464f4e","show_image":true,"slide_button_text":"View"}}},"block_order":["1486503036275-0","1486503036275-1"],"settings":{"use_second_button":true,"text_color":"#ffffff","cover_title_desktop_position":"center","show_overlay":true,"overlay_color":"#000000","overlay_text":"#ffffff","overlay_opacity":"0.5"}},"featured-collection":{"type":"featured-collection","settings":{"show_view_all":true}},"1486664864970":{"type":"hero","settings":{"hero_size":"large","alignment":"top center","use_second_button":false,"button_label":"","button_link":"","show_overlay":true,"overlay_color":"#00b490","overlay_text":"#ffffff","overlay_opacity":"0"}},"1486665151632":{"type":"highlight","settings":{"border_color":"#00b490","content_alignment":"middle","image_position":"back","use_second_button":true}},"1486665428106":{"type":"feature-row","settings":{"size":"large","background_color":"","image_crop":"none","alignment":"top left","use_second_button":false,"button_label":"","button_link":"","desktop_layout":"right","mobile_layout":"bottom"}},"1486665657092":{"type":"gallery","blocks":{"1486665657092-0":{"type":"image","settings":{"alignment":"center center","icon":"none","cta_label":"","link":""}},"1486665657092-1":{"type":"image","settings":{"alignment":"center center","icon":"none","cta_label":"","link":""}}},"block_order":["1486665657092-0","1486665657092-1"],"settings":{"section_height":"medium","show_overlay":false,"overlay_color":"#000000","overlay_text":"#ffffff","overlay_opacity":"0.3"}},"1486665735205":{"type":"hero","settings":{"hero_size":"medium","alignment":"center center","title":"","text_size":"large","use_second_button":true,"button_label":"about us","show_overlay":true,"overlay_color":"#000000","overlay_text":"#ffffff","overlay_opacity":"0.5"}},"product-template":{"type":"product-template","settings":{"show_quantity_selector":false,"show_variant_labels":true,"show_vendor":true,"show_share_buttons":true,"hide_variant_media":true}},"collection-template":{"type":"collection-template","settings":{"products":"2","rows":"4","product_tags_enable":false,"product_sorting_enable":false,"collection_hero_image":false,"collection_hero_image_parallax":false,"show_spacing":false,"show_vendor":true}},"blog-template":{"type":"blog-template","settings":{"blog_show_date":true}},"article-template":{"type":"article-template","settings":{"image_parallax":false,"show_date":true,"show_author":false,"show_share_buttons":true}},"1492804742195":{"type":"custom-content","blocks":{"1492804742195-0":{"type":"text","settings":{"heading_text":"","heading_color":"#3a3a3a","heading_style":"h3","width":"100%","alignment":"center","align_text":"center"}}},"block_order":["1492804742195-0"],"settings":{"heading_text":"","heading_color":"#3a3a3a","background_color":"#00b490","top_margin":true,"bottom_margin":true}},"1492805123317":{"type":"custom-content","blocks":{"1492805123317-0":{"type":"text","settings":{"heading_text":"","heading_color":"#ffffff","heading_style":"h3","width":"100%","alignment":"center","align_text":"center"}}},"block_order":["1492805123317-0"],"settings":{"heading_text":"","heading_color":"#3a3a3a","background_color":"","top_margin":true,"bottom_margin":false}}},"content_for_index":["slideshow","feature-row","1492804742195","1486664864970","gallery","1492805123317","1486665151632","1486665428106","1486665657092","1486665735205","featured-slider","featured-collection"]}}}